-- Insert values into Team table
INSERT INTO Team (TeamName, ManagerName, CaptainName) VALUES ('Spain', 'Jorge Vilda', 'Olga Carmona');
INSERT INTO Team (TeamName, ManagerName, CaptainName) VALUES ('England', 'Sarina Wiegman', 'Millie Bright');
INSERT INTO Team (TeamName, ManagerName, CaptainName) VALUES ('Sweden', 'Peter Gerhardsson', 'Kosovare Asllani');
INSERT INTO Team (TeamName, ManagerName, CaptainName) VALUES ('Australia', 'Tony Gustavsson', 'Sam Kerr');
INSERT INTO Team (TeamName, ManagerName, CaptainName) VALUES ('France', 'Herve Renard', 'Wendie Renard');
INSERT INTO Team (TeamName, ManagerName, CaptainName) VALUES ('Colombia', 'Nelson Abadia', 'Catalina Usme');
INSERT INTO Team (TeamName, ManagerName, CaptainName) VALUES ('Netherlands', 'Andries Jonker', 'Sherida Spitse');
INSERT INTO Team (TeamName, ManagerName, CaptainName) VALUES ('Japan', 'Futoshi Ikeda', 'Saki Kumagai');


-- Insert values into Player table
-- Inserting players for Spain
INSERT INTO Player (TeamName, PlayerName, Position, Age) VALUES ('Spain', 'María Isabel Rodríguez', 'GK', 24);
INSERT INTO Player (TeamName, PlayerName, Position, Age) VALUES ('Spain', 'Enith Salón', 'GK', 22);
INSERT INTO Player (TeamName, PlayerName, Position, Age) VALUES ('Spain', 'Catalina Coll', 'GK', 22);
INSERT INTO Player (TeamName, PlayerName, Position, Age) VALUES ('Spain', 'Ona Batlle', 'DF', 24);
INSERT INTO Player (TeamName, PlayerName, Position, Age) VALUES ('Spain', 'Irene Paredes', 'DF', 32);
INSERT INTO Player (TeamName, PlayerName, Position, Age) VALUES ('Spain', 'María Méndez', 'DF', 22);
INSERT INTO Player (TeamName, PlayerName, Position, Age) VALUES ('Spain', 'Claudia Florentino', 'DF', 25);
INSERT INTO Player (TeamName, PlayerName, Position, Age) VALUES ('Spain', 'Oihane Hernández', 'DF', 23);
INSERT INTO Player (TeamName, PlayerName, Position, Age) VALUES ('Spain', 'Laia Aleixandri', 'DF', 23);
INSERT INTO Player (TeamName, PlayerName, Position, Age) VALUES ('Spain', 'Olga Carmona', 'DF', 23);
INSERT INTO Player (TeamName, PlayerName, Position, Age) VALUES ('Spain', 'Teresa Abelleira', 'MF', 23);
INSERT INTO Player (TeamName, PlayerName, Position, Age) VALUES ('Spain', 'Aitana Bonmatí', 'MF', 25);
INSERT INTO Player (TeamName, PlayerName, Position, Age) VALUES ('Spain', 'Alexia Putellas', 'MF', 29);
INSERT INTO Player (TeamName, PlayerName, Position, Age) VALUES ('Spain', 'María Pérez', 'MF', 21);
INSERT INTO Player (TeamName, PlayerName, Position, Age) VALUES ('Spain', 'Rosa Márquez', 'MF', 22);
INSERT INTO Player (TeamName, PlayerName, Position, Age) VALUES ('Spain', 'Amaiur Sarriegi', 'FW', 22);
INSERT INTO Player (TeamName, PlayerName, Position, Age) VALUES ('Spain', 'Mariona Caldentey', 'FW', 27);
INSERT INTO Player (TeamName, PlayerName, Position, Age) VALUES ('Spain', 'Inmaculada Gabarro', 'FW', 20);
INSERT INTO Player (TeamName, PlayerName, Position, Age) VALUES ('Spain', 'Eva Navarro', 'FW', 22);
INSERT INTO Player (TeamName, PlayerName, Position, Age) VALUES ('Spain', 'Lucía García', 'FW', 25);
INSERT INTO Player (TeamName, PlayerName, Position, Age) VALUES ('Spain', 'Cristina Martín-Prieto', 'FW', 30);
INSERT INTO Player (TeamName, PlayerName, Position, Age) VALUES ('Spain', 'Athenea del Castillo', 'FW', 22);

-- Inserting players for England
INSERT INTO Player (TeamName, PlayerName, Position, Age) VALUES ('England', 'Mary Earps', 'GK', 30);
INSERT INTO Player (TeamName, PlayerName, Position, Age) VALUES ('England', 'Ellie Roebuck', 'GK', 24);
INSERT INTO Player (TeamName, PlayerName, Position, Age) VALUES ('England', 'Hannah Hampton', 'GK', 22);
INSERT INTO Player (TeamName, PlayerName, Position, Age) VALUES ('England', 'Lucy Bronze', 'DF', 31);
INSERT INTO Player (TeamName, PlayerName, Position, Age) VALUES ('England', 'Alex Greenwood', 'DF', 30);
INSERT INTO Player (TeamName, PlayerName, Position, Age) VALUES ('England', 'Millie Bright', 'DF', 30);
INSERT INTO Player (TeamName, PlayerName, Position, Age) VALUES ('England', 'Jess Carter', 'DF', 26);
INSERT INTO Player (TeamName, PlayerName, Position, Age) VALUES ('England', 'Niamh Charles', 'DF', 24);
INSERT INTO Player (TeamName, PlayerName, Position, Age) VALUES ('England', 'Esme Morgan', 'DF', 22);
INSERT INTO Player (TeamName, PlayerName, Position, Age) VALUES ('England', 'Maya Le Tissier', 'DF', 21);
INSERT INTO Player (TeamName, PlayerName, Position, Age) VALUES ('England', 'Lucy Parker', 'DF', 24);
INSERT INTO Player (TeamName, PlayerName, Position, Age) VALUES ('England', 'Jordan Nobbs', 'MF', 30);
INSERT INTO Player (TeamName, PlayerName, Position, Age) VALUES ('England', 'Georgia Stanway', 'MF', 24);
INSERT INTO Player (TeamName, PlayerName, Position, Age) VALUES ('England', 'Ella Toone', 'MF', 24);
INSERT INTO Player (TeamName, PlayerName, Position, Age) VALUES ('England', 'Lucy Staniforth', 'MF', 31);
INSERT INTO Player (TeamName, PlayerName, Position, Age) VALUES ('England', 'Katie Zelem', 'MF', 27);
INSERT INTO Player (TeamName, PlayerName, Position, Age) VALUES ('England', 'Laura Coombs', 'MF', 32);
INSERT INTO Player (TeamName, PlayerName, Position, Age) VALUES ('England', 'Jess Park', 'MF', 21);
INSERT INTO Player (TeamName, PlayerName, Position, Age) VALUES ('England', 'Rachel Daly', 'FW', 31);
INSERT INTO Player (TeamName, PlayerName, Position, Age) VALUES ('England', 'Lauren Hemp', 'FW', 23);
INSERT INTO Player (TeamName, PlayerName, Position, Age) VALUES ('England', 'Chloe Kelly', 'FW', 25);
INSERT INTO Player (TeamName, PlayerName, Position, Age) VALUES ('England', 'Alessia Russo', 'FW', 24);
INSERT INTO Player (TeamName, PlayerName, Position, Age) VALUES ('England', 'Lauren James', 'FW', 22);
INSERT INTO Player (TeamName, PlayerName, Position, Age) VALUES ('England', 'Katie Robinson', 'FW', 21);

-- Inserting players for France
INSERT INTO Player (TeamName, PlayerName, Position, Age) VALUES ('France', 'Solène Durand', 'GK', 28);
INSERT INTO Player (TeamName, PlayerName, Position, Age) VALUES ('France', 'Pauline Peyraud-Magnin', 'GK', 31);
INSERT INTO Player (TeamName, PlayerName, Position, Age) VALUES ('France', 'Constance Picaud', 'GK', 25);
INSERT INTO Player (TeamName, PlayerName, Position, Age) VALUES ('France', 'Wendie Renard', 'DF', 33);
INSERT INTO Player (TeamName, PlayerName, Position, Age) VALUES ('France', 'Élisa De Almeida', 'DF', 25);
INSERT INTO Player (TeamName, PlayerName, Position, Age) VALUES ('France', 'Sakina Karchaoui', 'DF', 27);
INSERT INTO Player (TeamName, PlayerName, Position, Age) VALUES ('France', 'Selma Bacha', 'DF', 22);
INSERT INTO Player (TeamName, PlayerName, Position, Age) VALUES ('France', 'Griedge Mbock Bathy', 'DF', 28);
INSERT INTO Player (TeamName, PlayerName, Position, Age) VALUES ('France', 'Estelle Cascarino', 'DF', 28);
INSERT INTO Player (TeamName, PlayerName, Position, Age) VALUES ('France', 'Ève Périsset', 'DF', 28);
INSERT INTO Player (TeamName, PlayerName, Position, Age) VALUES ('France', 'Oriane Jean-François', 'MF', 22);
INSERT INTO Player (TeamName, PlayerName, Position, Age) VALUES ('France', 'Laurina Fazer', 'MF', 20);
INSERT INTO Player (TeamName, PlayerName, Position, Age) VALUES ('France', 'Amandine Henry', 'MF', 34);
INSERT INTO Player (TeamName, PlayerName, Position, Age) VALUES ('France', 'Léa Le Garrec', 'MF', 30);
INSERT INTO Player (TeamName, PlayerName, Position, Age) VALUES ('France', 'Amel Majri', 'MF', 30);
INSERT INTO Player (TeamName, PlayerName, Position, Age) VALUES ('France', 'Sandie Toletti', 'MF', 28);
INSERT INTO Player (TeamName, PlayerName, Position, Age) VALUES ('France', 'Grace Geyoro', 'MF', 26);
INSERT INTO Player (TeamName, PlayerName, Position, Age) VALUES ('France', 'Eugénie Le Sommer', 'FW', 34);
INSERT INTO Player (TeamName, PlayerName, Position, Age) VALUES ('France', 'Kadidiatou Diani', 'FW', 28);
INSERT INTO Player (TeamName, PlayerName, Position, Age) VALUES ('France', 'Clara Matéo', 'FW', 25);
INSERT INTO Player (TeamName, PlayerName, Position, Age) VALUES ('France', 'Julie Dufour', 'FW', 22);
INSERT INTO Player (TeamName, PlayerName, Position, Age) VALUES ('France', 'Sandy Baltimore', 'FW', 23);
INSERT INTO Player (TeamName, PlayerName, Position, Age) VALUES ('France', 'Viviane Asseyi', 'FW', 29);
INSERT INTO Player (TeamName, PlayerName, Position, Age) VALUES ('France', 'Vicki Bècho', 'FW', 20);

-- Inserting players for Colombia
INSERT INTO Player (TeamName, PlayerName, Position, Age) VALUES ('Colombia', 'Catalina Pérez', 'GK', 28);
INSERT INTO Player (TeamName, PlayerName, Position, Age) VALUES ('Colombia', 'Sandra Sepúlveda', 'GK', 35);
INSERT INTO Player (TeamName, PlayerName, Position, Age) VALUES ('Colombia', 'Natalia Giraldo', 'GK', 20);
INSERT INTO Player (TeamName, PlayerName, Position, Age) VALUES ('Colombia', 'Daniela Arias', 'DF', 29);
INSERT INTO Player (TeamName, PlayerName, Position, Age) VALUES ('Colombia', 'Ángela Barón', 'DF', 20);
INSERT INTO Player (TeamName, PlayerName, Position, Age) VALUES ('Colombia', 'Ana María Guzmán', 'DF', 18);
INSERT INTO Player (TeamName, PlayerName, Position, Age) VALUES ('Colombia', 'Carolina Arias', 'DF', 33);
INSERT INTO Player (TeamName, PlayerName, Position, Age) VALUES ('Colombia', 'Monica Ramos', 'DF', 25);
INSERT INTO Player (TeamName, PlayerName, Position, Age) VALUES ('Colombia', 'Daniela Caracas', 'DF', 26);
INSERT INTO Player (TeamName, PlayerName, Position, Age) VALUES ('Colombia', 'Manuela Vanegas', 'MF', 22);
INSERT INTO Player (TeamName, PlayerName, Position, Age) VALUES ('Colombia', 'Diana Ospina García', 'MF', 34);
INSERT INTO Player (TeamName, PlayerName, Position, Age) VALUES ('Colombia', 'Lorena Bedoya Durango', 'MF', 26);
INSERT INTO Player (TeamName, PlayerName, Position, Age) VALUES ('Colombia', 'Daniela Montoya', 'MF', 33);
INSERT INTO Player (TeamName, PlayerName, Position, Age) VALUES ('Colombia', 'María Camila Reyes', 'MF', 21);
INSERT INTO Player (TeamName, PlayerName, Position, Age) VALUES ('Colombia', 'Marcela Restrepo', 'MF', 27);
INSERT INTO Player (TeamName, PlayerName, Position, Age) VALUES ('Colombia', 'Mayra Ramírez', 'MF', 24);
INSERT INTO Player (TeamName, PlayerName, Position, Age) VALUES ('Colombia', 'Jackie Groenen', 'MF', 28);
INSERT INTO Player (TeamName, PlayerName, Position, Age) VALUES ('Colombia', 'Lady Andrade', 'MF', 31);
INSERT INTO Player (TeamName, PlayerName, Position, Age) VALUES ('Colombia', 'Catalina Usme', 'FW', 33);
INSERT INTO Player (TeamName, PlayerName, Position, Age) VALUES ('Colombia', 'Linda Caicedo', 'FW', 18);
INSERT INTO Player (TeamName, PlayerName, Position, Age) VALUES ('Colombia', 'Ivonne Chacón', 'FW', 26);
INSERT INTO Player (TeamName, PlayerName, Position, Age) VALUES ('Colombia', 'Elexa Bahr', 'FW', 25);

-- Inserting players for Netherlands
INSERT INTO Player (TeamName, PlayerName, Position, Age) VALUES ('Netherlands', 'Daphne van Domselaar', 'GK', 23);
INSERT INTO Player (TeamName, PlayerName, Position, Age) VALUES ('Netherlands', 'Barbara Lorsheyd', 'GK', 32);
INSERT INTO Player (TeamName, PlayerName, Position, Age) VALUES ('Netherlands', 'Daniëlle de Jong', 'GK', 21);
INSERT INTO Player (TeamName, PlayerName, Position, Age) VALUES ('Netherlands', 'Lize Kop', 'GK', 25);
INSERT INTO Player (TeamName, PlayerName, Position, Age) VALUES ('Netherlands', 'Jacintha Weimar', 'GK', 25);
INSERT INTO Player (TeamName, PlayerName, Position, Age) VALUES ('Netherlands', 'Lynn Wilms', 'DF', 23);
INSERT INTO Player (TeamName, PlayerName, Position, Age) VALUES ('Netherlands', 'Caitlin Dijkstra', 'DF', 24);
INSERT INTO Player (TeamName, PlayerName, Position, Age) VALUES ('Netherlands', 'Marit Auée', 'DF', 23);
INSERT INTO Player (TeamName, PlayerName, Position, Age) VALUES ('Netherlands', 'Marisa Olislagers', 'DF', 23);
INSERT INTO Player (TeamName, PlayerName, Position, Age) VALUES ('Netherlands', 'Kerstin Casparij', 'DF', 23);
INSERT INTO Player (TeamName, PlayerName, Position, Age) VALUES ('Netherlands', 'Dominique Janssen', 'DF', 28);
INSERT INTO Player (TeamName, PlayerName, Position, Age) VALUES ('Netherlands', 'Jill Roord', 'MF', 26);
INSERT INTO Player (TeamName, PlayerName, Position, Age) VALUES ('Netherlands', 'Sherida Spitse', 'MF', 33);
INSERT INTO Player (TeamName, PlayerName, Position, Age) VALUES ('Netherlands', 'Daniëlle van de Donk', 'MF', 32);
INSERT INTO Player (TeamName, PlayerName, Position, Age) VALUES ('Netherlands', 'Jill Baijings', 'MF', 22);
INSERT INTO Player (TeamName, PlayerName, Position, Age) VALUES ('Netherlands', 'Jackie Groenen', 'MF', 28);
INSERT INTO Player (TeamName, PlayerName, Position, Age) VALUES ('Netherlands', 'Victoria Pelova', 'MF', 24);
INSERT INTO Player (TeamName, PlayerName, Position, Age) VALUES ('Netherlands', 'Wieke Kaptein', 'MF', 18);
INSERT INTO Player (TeamName, PlayerName, Position, Age) VALUES ('Netherlands', 'Esmee Brugts', 'MF', 20);
INSERT INTO Player (TeamName, PlayerName, Position, Age) VALUES ('Netherlands', 'Lineth Beerensteyn', 'FW', 27);
INSERT INTO Player (TeamName, PlayerName, Position, Age) VALUES ('Netherlands', 'Katja Snoeijs', 'FW', 27);
INSERT INTO Player (TeamName, PlayerName, Position, Age) VALUES ('Netherlands', 'Lieke Martens', 'FW', 30);
INSERT INTO Player (TeamName, PlayerName, Position, Age) VALUES ('Netherlands', 'Renate Jansen', 'FW', 32);
INSERT INTO Player (TeamName, PlayerName, Position, Age) VALUES ('Netherlands', 'Fenna Kalma', 'FW', 23);
INSERT INTO Player (TeamName, PlayerName, Position, Age) VALUES ('Netherlands', 'Esmee Brugts', 'FW', 20);

-- Inserting players for Japan
INSERT INTO Player (TeamName, PlayerName, Position, Age) VALUES ('Japan', 'Ayaka Yamashita', 'GK', 28);
INSERT INTO Player (TeamName, PlayerName, Position, Age) VALUES ('Japan', 'Chika Hirao', 'GK', 26);
INSERT INTO Player (TeamName, PlayerName, Position, Age) VALUES ('Japan', 'Momoko Tanaka', 'GK', 23);
INSERT INTO Player (TeamName, PlayerName, Position, Age) VALUES ('Japan', 'Saki Kumagai', 'DF', 32);
INSERT INTO Player (TeamName, PlayerName, Position, Age) VALUES ('Japan', 'Shiori Miyake', 'DF', 28);
INSERT INTO Player (TeamName, PlayerName, Position, Age) VALUES ('Japan', 'Risa Shimizu', 'DF', 27);
INSERT INTO Player (TeamName, PlayerName, Position, Age) VALUES ('Japan', 'Kiko Seike', 'DF', 27);
INSERT INTO Player (TeamName, PlayerName, Position, Age) VALUES ('Japan', 'Miyabi Moriya', 'DF', 26);
INSERT INTO Player (TeamName, PlayerName, Position, Age) VALUES ('Japan', 'Moeka Minami', 'DF', 24);
INSERT INTO Player (TeamName, PlayerName, Position, Age) VALUES ('Japan', 'Hana Takahashi', 'DF', 23);
INSERT INTO Player (TeamName, PlayerName, Position, Age) VALUES ('Japan', 'Rion Ishikawa', 'DF', 20);
INSERT INTO Player (TeamName, PlayerName, Position, Age) VALUES ('Japan', 'Hikaru Naomoto', 'MF', 29);
INSERT INTO Player (TeamName, PlayerName, Position, Age) VALUES ('Japan', 'Yui Hasegawa', 'MF', 26);
INSERT INTO Player (TeamName, PlayerName, Position, Age) VALUES ('Japan', 'Hina Sugita', 'MF', 26);
INSERT INTO Player (TeamName, PlayerName, Position, Age) VALUES ('Japan', 'Honoka Hayashi', 'MF', 25);
INSERT INTO Player (TeamName, PlayerName, Position, Age) VALUES ('Japan', 'Fuka Nagano', 'MF', 24);
INSERT INTO Player (TeamName, PlayerName, Position, Age) VALUES ('Japan', 'Hinata Miyazawa', 'MF', 23);
INSERT INTO Player (TeamName, PlayerName, Position, Age) VALUES ('Japan', 'Jun Endo', 'MF', 23);
INSERT INTO Player (TeamName, PlayerName, Position, Age) VALUES ('Japan', 'Yoshino Nakashima', 'MF', 24);
INSERT INTO Player (TeamName, PlayerName, Position, Age) VALUES ('Japan', 'Mina Tanaka', 'FW', 29);
INSERT INTO Player (TeamName, PlayerName, Position, Age) VALUES ('Japan', 'Riko Ueki', 'FW', 24);
INSERT INTO Player (TeamName, PlayerName, Position, Age) VALUES ('Japan', 'Remina Chiba', 'FW', 24);


-- Insert values into Stadium table
INSERT INTO Stadium (StadiumName, Host) VALUES ('Accor Stadium, Sydney', 'Australia');
INSERT INTO Stadium (StadiumName, Host) VALUES ('Suncorp Stadium, Brisbane', 'Australia');
INSERT INTO Stadium (StadiumName, Host) VALUES ('Eden Park, Auckland', 'New Zealand');
INSERT INTO Stadium (StadiumName, Host) VALUES ('Sky Stadium, Wellington', 'New Zealand');

-- Insert values into Game table
INSERT INTO Game (Team1Name, Team2Name, StadiumName, Round, Date, Score) VALUES ('Spain', 'England', 'Accor Stadium, Sydney', 'Final', '2023-08-20', '1-0');
INSERT INTO Game (Team1Name, Team2Name, StadiumName, Round, Date, Score) VALUES ('Sweden', 'Australia', 'Suncorp Stadium, Brisbane', 'Third-Place', '2023-08-19', '2-0');
INSERT INTO Game (Team1Name, Team2Name, StadiumName, Round, Date, Score) VALUES ('Australia', 'England', 'Accor Stadium, Sydney', 'Semi-Final', '2023-08-16', '1-3');
INSERT INTO Game (Team1Name, Team2Name, StadiumName, Round, Date, Score) VALUES ('Spain', 'Sweden', 'Eden Park, Auckland', 'Semi-Final', '2023-08-15', '2-1');
INSERT INTO Game (Team1Name, Team2Name, StadiumName, Round, Date, Score) VALUES ('Australia', 'France', 'Suncorp Stadium, Brisbane', 'Quarter-Final', '2023-08-12', '0-0');
INSERT INTO Game (Team1Name, Team2Name, StadiumName, Round, Date, Score) VALUES ('England', 'Colombia', 'Accor Stadium, Sydney', 'Quarter-Final', '2023-08-12', '2-1');
INSERT INTO Game (Team1Name, Team2Name, StadiumName, Round, Date, Score) VALUES ('Spain', 'Netherlands', 'Sky Stadium, Wellington', 'Quarter-Final', '2023-08-11', '2-1');
INSERT INTO Game (Team1Name, Team2Name, StadiumName, Round, Date, Score) VALUES ('Japan', 'Sweden', 'Eden Park, Auckland', 'Quarter-Final', '2023-08-11', '1-2');
